{
  "SINR/SNR (dB)": {
    "jbpf_mean": 26.12126198858631,
    "jbpf_std": 2.835352535962216,
    "jbpf_min": 23.562874251497007,
    "jbpf_max": 35.0,
    "jbpf_n": 3741,
    "std_mean": 26.51393965277816,
    "std_std": 2.8616210461302543,
    "std_min": 24.37026023864746,
    "std_max": 35.44449996948242,
    "std_n": 3741,
    "correlation": 0.9936755963375344,
    "mean_diff_pct": 1.4810234515665635
  },
  "CQI": {
    "jbpf_mean": 15.0,
    "jbpf_std": 0.0,
    "jbpf_min": 15.0,
    "jbpf_max": 15.0,
    "jbpf_n": 3741,
    "std_mean": 15.0,
    "std_std": 0.0,
    "std_min": 15.0,
    "std_max": 15.0,
    "std_n": 3741,
    "correlation": NaN,
    "mean_diff_pct": 0.0
  },
  "DL MCS": {
    "jbpf_mean": 27.520225058964513,
    "jbpf_std": 0.5806313482726706,
    "jbpf_min": 11.090909090909092,
    "jbpf_max": 27.752380952380953,
    "jbpf_n": 3740,
    "std_mean": 27.790106951871657,
    "std_std": 0.6654647278927099,
    "std_min": 11.0,
    "std_max": 28.0,
    "std_n": 3740,
    "correlation": 0.997932585011006,
    "mean_diff_pct": 0.9711437720428315
  },
  "UL MCS": {
    "jbpf_mean": 27.999260773828247,
    "jbpf_std": 0.04520173105202211,
    "jbpf_min": 25.235294117647058,
    "jbpf_max": 28.0,
    "jbpf_n": 3740,
    "std_mean": 27.999732620320856,
    "std_std": 0.016349562295412248,
    "std_min": 27.0,
    "std_max": 28.0,
    "std_n": 3740,
    "correlation": 0.9999999999999942,
    "mean_diff_pct": 0.001685182137296981
  },
  "DL Mbps": {
    "jbpf_mean": 5.001815610859728,
    "jbpf_std": 0.022243661575445585,
    "jbpf_min": 4.61,
    "jbpf_max": 5.29,
    "jbpf_n": 3536,
    "std_mean": 9.816679029411766,
    "std_std": 1.3000108788303668,
    "std_min": 8.048464,
    "std_max": 13.687216,
    "std_n": 3536,
    "correlation": -0.004509223938228546,
    "mean_diff_pct": 49.04778290220368
  },
  "UL Mbps": {
    "jbpf_mean": 9.998542077117929,
    "jbpf_std": 0.0045590215604006555,
    "jbpf_min": 9.95,
    "jbpf_max": 10.1,
    "jbpf_n": 3553,
    "std_mean": 19.62495059724177,
    "std_std": 2.429470401063264,
    "std_min": 16.174768,
    "std_max": 25.967656,
    "std_n": 3553,
    "correlation": -0.014236814120529582,
    "mean_diff_pct": 49.05188664004487
  },
  "BLER %": {
    "jbpf_mean": 0.0,
    "jbpf_std": 0.0,
    "jbpf_min": 0.0,
    "jbpf_max": 0.0,
    "jbpf_n": 3741,
    "std_mean": 5.3784347356526225e-05,
    "std_std": 0.002325512283444421,
    "std_min": 0.0,
    "std_max": 0.1006036217303823,
    "std_n": 3741,
    "correlation": NaN,
    "mean_diff_pct": 100.0
  }
}