{
  "SINR/SNR (dB)": {
    "jbpf_mean": 25.16631184658998,
    "jbpf_std": 0.3275527528402919,
    "jbpf_min": 23.870588235294118,
    "jbpf_max": 26.493087557603687,
    "jbpf_n": 3186,
    "std_mean": 25.549592022916766,
    "std_std": 0.26070590721146236,
    "std_min": 24.626386642456055,
    "std_max": 26.377763748168945,
    "std_n": 3186,
    "correlation": 0.4697696295058426,
    "mean_diff_pct": 1.50014206091041
  },
  "CQI": {
    "jbpf_mean": 15.0,
    "jbpf_std": 0.0,
    "jbpf_min": 15.0,
    "jbpf_max": 15.0,
    "jbpf_n": 3186,
    "std_mean": 15.0,
    "std_std": 0.0,
    "std_min": 15.0,
    "std_max": 15.0,
    "std_n": 3186,
    "correlation": NaN,
    "mean_diff_pct": 0.0
  },
  "DL MCS": {
    "jbpf_mean": 27.698788147784494,
    "jbpf_std": 0.010673806494273616,
    "jbpf_min": 27.660516605166052,
    "jbpf_max": 27.752380952380953,
    "jbpf_n": 3186,
    "std_mean": 28.0,
    "std_std": 0.0,
    "std_min": 28.0,
    "std_max": 28.0,
    "std_n": 3186,
    "correlation": NaN,
    "mean_diff_pct": 1.0757566150553772
  },
  "UL MCS": {
    "jbpf_mean": 28.0,
    "jbpf_std": 0.0,
    "jbpf_min": 28.0,
    "jbpf_max": 28.0,
    "jbpf_n": 3186,
    "std_mean": 28.0,
    "std_std": 0.0,
    "std_min": 28.0,
    "std_max": 28.0,
    "std_n": 3186,
    "correlation": NaN,
    "mean_diff_pct": 0.0
  },
  "DL Mbps": {
    "jbpf_mean": 5.001717918391484,
    "jbpf_std": 0.02183426967843746,
    "jbpf_min": 4.61,
    "jbpf_max": 5.16,
    "jbpf_n": 3382,
    "std_mean": 9.792223146067414,
    "std_std": 1.2245962246953446,
    "std_min": 8.048464,
    "std_max": 13.173504,
    "std_n": 3382,
    "correlation": -0.002665009315840177,
    "mean_diff_pct": 48.92152840287153
  },
  "UL Mbps": {
    "jbpf_mean": 9.998544586937072,
    "jbpf_std": 0.004611270838421296,
    "jbpf_min": 9.95,
    "jbpf_max": 10.1,
    "jbpf_n": 3353,
    "std_mean": 19.44831817238294,
    "std_std": 2.3219064787731716,
    "std_min": 16.174768,
    "std_max": 25.967656,
    "std_n": 3353,
    "correlation": -0.015505446337540692,
    "mean_diff_pct": 48.58915563642292
  },
  "BLER %": {
    "jbpf_mean": 0.0,
    "jbpf_std": 0.0,
    "jbpf_min": 0.0,
    "jbpf_max": 0.0,
    "jbpf_n": 3186,
    "std_mean": 0.0,
    "std_std": 0.0,
    "std_min": 0.0,
    "std_max": 0.0,
    "std_n": 3186,
    "correlation": NaN,
    "mean_diff_pct": 0.0
  }
}