{
  "SINR/SNR (dB)": {
    "jbpf_mean": 17.333686551145696,
    "jbpf_std": 0.37496792955777003,
    "jbpf_min": 16.083333333333332,
    "jbpf_max": 19.31408775981524,
    "jbpf_n": 498,
    "std_mean": 17.712198787052145,
    "std_std": 0.31228792581102893,
    "std_min": 17.02785873413086,
    "std_max": 19.150081634521484,
    "std_n": 497,
    "correlation": 0.4209354079305891,
    "mean_diff_pct": 2.1370143845898246
  },
  "CQI": {
    "jbpf_mean": 15.0,
    "jbpf_std": 0.0,
    "jbpf_min": 15.0,
    "jbpf_max": 15.0,
    "jbpf_n": 498,
    "std_mean": 15.0,
    "std_std": 0.0,
    "std_min": 15.0,
    "std_max": 15.0,
    "std_n": 497,
    "correlation": NaN,
    "mean_diff_pct": 0.0
  },
  "DL MCS": {
    "jbpf_mean": 24.968315335004046,
    "jbpf_std": 0.2763246902810595,
    "jbpf_min": 23.25601750547046,
    "jbpf_max": 25.652650822669106,
    "jbpf_n": 500,
    "std_mean": 24.955734406438633,
    "std_std": 0.24166656836411843,
    "std_min": 23.0,
    "std_max": 26.0,
    "std_n": 497,
    "correlation": 0.39651389880340826,
    "mean_diff_pct": 0.05041297667507999
  },
  "UL MCS": {
    "jbpf_mean": 19.36047781564301,
    "jbpf_std": 0.5386067559724825,
    "jbpf_min": 16.74846625766871,
    "jbpf_max": 21.23308270676692,
    "jbpf_n": 500,
    "std_mean": 19.37424547283702,
    "std_std": 0.527684936737239,
    "std_min": 18.0,
    "std_max": 20.0,
    "std_n": 497,
    "correlation": 0.31551362483576,
    "mean_diff_pct": 0.07106164321761634
  },
  "BLER %": {
    "jbpf_mean": 11.421683734352301,
    "jbpf_std": 3.0003083416154652,
    "jbpf_min": 2.461538461538453,
    "jbpf_max": 19.414893617021278,
    "jbpf_n": 498,
    "std_mean": 0.8622559202901615,
    "std_std": 0.3208509746891889,
    "std_min": 0.0,
    "std_max": 2.236024844720497,
    "std_n": 497,
    "correlation": -0.05893098574257965,
    "mean_diff_pct": 1224.6280443639912
  },
  "BSR (bytes)": {
    "jbpf_mean": 23065.921318583885,
    "jbpf_std": 12979.723683600125,
    "jbpf_min": 15494.753246753247,
    "jbpf_max": 193868.25,
    "jbpf_n": 498,
    "std_mean": 26341.682092555333,
    "std_std": 45502.318660132376,
    "std_min": 0.0,
    "std_max": 700000.0,
    "std_n": 497,
    "correlation": 0.14816591588897046,
    "mean_diff_pct": 12.435655257176006
  },
  "TA (ns)": {
    "jbpf_mean": 520.1534700349087,
    "jbpf_std": 1.3219528691179065,
    "jbpf_min": 514.0824751420455,
    "jbpf_max": 524.90234375,
    "jbpf_n": 498,
    "std_mean": 519.8469599808758,
    "std_std": 0.09021236815355464,
    "std_min": 519.3597871766542,
    "std_max": 520.5433240007551,
    "std_n": 497,
    "correlation": 0.13378435365737254,
    "mean_diff_pct": 0.05896159401300178
  }
}