{
  "SINR/SNR (dB)": {
    "jbpf_mean": 25.208745092725312,
    "jbpf_std": 0.7346686155732227,
    "jbpf_min": 24.067039106145252,
    "jbpf_max": 34.0625,
    "jbpf_n": 221,
    "std_mean": 25.564425091410794,
    "std_std": 0.6938436999512978,
    "std_min": 24.705310821533203,
    "std_max": 34.483375549316406,
    "std_n": 215,
    "correlation": 0.8845637451541156,
    "mean_diff_pct": 1.3913084194683636
  },
  "CQI": {
    "jbpf_mean": 15.0,
    "jbpf_std": 0.0,
    "jbpf_min": 15.0,
    "jbpf_max": 15.0,
    "jbpf_n": 221,
    "std_mean": 15.0,
    "std_std": 0.0,
    "std_min": 15.0,
    "std_max": 15.0,
    "std_n": 216,
    "correlation": NaN,
    "mean_diff_pct": 0.0
  },
  "DL MCS": {
    "jbpf_mean": 27.621727205753924,
    "jbpf_std": 1.1174888946286623,
    "jbpf_min": 11.090909090909092,
    "jbpf_max": 27.72962226640159,
    "jbpf_n": 220,
    "std_mean": 27.911627906976744,
    "std_std": 1.160033941429177,
    "std_min": 11.0,
    "std_max": 28.0,
    "std_n": 215,
    "correlation": 0.9978561525971655,
    "mean_diff_pct": 1.0386377397584772
  },
  "UL MCS": {
    "jbpf_mean": 27.987433155080215,
    "jbpf_std": 0.18597232181459655,
    "jbpf_min": 25.235294117647058,
    "jbpf_max": 28.0,
    "jbpf_n": 220,
    "std_mean": 27.995348837209303,
    "std_std": 0.06804064575966416,
    "std_min": 27.0,
    "std_max": 28.0,
    "std_n": 215,
    "correlation": 0.9999999999999958,
    "mean_diff_pct": 0.028274990160390753
  },
  "DL Mbps": {
    "jbpf_mean": 5.003592233009709,
    "jbpf_std": 0.029274541407600448,
    "jbpf_min": 4.92,
    "jbpf_max": 5.29,
    "jbpf_n": 206,
    "std_mean": 9.897878291262133,
    "std_std": 0.8526343367599104,
    "std_min": 9.043616,
    "std_max": 11.263824,
    "std_n": 206,
    "correlation": -0.013822335361406875,
    "mean_diff_pct": 49.44783027462674
  },
  "UL Mbps": {
    "jbpf_mean": 9.998592964824121,
    "jbpf_std": 0.003477154551156949,
    "jbpf_min": 9.99,
    "jbpf_max": 10.0,
    "jbpf_n": 199,
    "std_mean": 20.400674010050253,
    "std_std": 1.4735014096104966,
    "std_min": 18.608488,
    "std_max": 22.22716,
    "std_n": 199,
    "correlation": -0.022726514890610786,
    "mean_diff_pct": 50.9889087002793
  },
  "BLER %": {
    "jbpf_mean": 0.0,
    "jbpf_std": 0.0,
    "jbpf_min": 0.0,
    "jbpf_max": 0.0,
    "jbpf_n": 221,
    "std_mean": 0.0,
    "std_std": 0.0,
    "std_min": 0.0,
    "std_max": 0.0,
    "std_n": 215,
    "correlation": NaN,
    "mean_diff_pct": 0.0
  }
}