{
  "SINR/SNR (dB)": {
    "jbpf_mean": 17.36759499213898,
    "jbpf_std": 0.3819443066435234,
    "jbpf_min": 15.990147783251231,
    "jbpf_max": 18.72992700729927,
    "jbpf_n": 1202,
    "std_mean": 17.735926276256325,
    "std_std": 0.32474555427376484,
    "std_min": 16.59796142578125,
    "std_max": 19.155479431152344,
    "std_n": 1198,
    "correlation": 0.3937113459916631,
    "mean_diff_pct": 2.076752453636681
  },
  "CQI": {
    "jbpf_mean": 15.0,
    "jbpf_std": 0.0,
    "jbpf_min": 15.0,
    "jbpf_max": 15.0,
    "jbpf_n": 1203,
    "std_mean": 15.0,
    "std_std": 0.0,
    "std_min": 15.0,
    "std_max": 15.0,
    "std_n": 1199,
    "correlation": NaN,
    "mean_diff_pct": 0.0
  },
  "DL MCS": {
    "jbpf_mean": 24.920588300964333,
    "jbpf_std": 0.3146957595774749,
    "jbpf_min": 22.724,
    "jbpf_max": 25.547134935304992,
    "jbpf_n": 1205,
    "std_mean": 24.940833333333334,
    "std_std": 0.2689472790137295,
    "std_min": 23.0,
    "std_max": 25.0,
    "std_n": 1200,
    "correlation": 0.45133850172245704,
    "mean_diff_pct": 0.0811722371038159
  },
  "UL MCS": {
    "jbpf_mean": 19.304276189090636,
    "jbpf_std": 0.5582666737581203,
    "jbpf_min": 15.950738916256158,
    "jbpf_max": 20.902313624678662,
    "jbpf_n": 1205,
    "std_mean": 19.2775,
    "std_std": 0.5572196604571665,
    "std_min": 17.0,
    "std_max": 21.0,
    "std_n": 1200,
    "correlation": 0.3738574039410291,
    "mean_diff_pct": 0.13889865952865463
  },
  "DL Mbps": {
    "jbpf_mean": 5.002071097372489,
    "jbpf_std": 0.07496444009670288,
    "jbpf_min": 4.3,
    "jbpf_max": 5.71,
    "jbpf_n": 1294,
    "std_mean": 9.024683196290571,
    "std_std": 0.7304041315862173,
    "std_min": 8.201744000000001,
    "std_max": 11.063472,
    "std_n": 1294,
    "correlation": -0.004618283320628316,
    "mean_diff_pct": 44.57344386971393
  },
  "UL Mbps": {
    "jbpf_mean": 9.998501577287067,
    "jbpf_std": 0.0036779885856027665,
    "jbpf_min": 9.97,
    "jbpf_max": 10.0,
    "jbpf_n": 1268,
    "std_mean": 17.106358731861196,
    "std_std": 0.9278734643190384,
    "std_min": 15.75368,
    "std_max": 18.54172,
    "std_n": 1268,
    "correlation": -0.015137411598625904,
    "mean_diff_pct": 41.55096514686959
  },
  "UL BLER %": {
    "jbpf_mean": 10.82884984835144,
    "jbpf_std": 2.947936757726977,
    "jbpf_min": 0.0,
    "jbpf_max": 20.734908136482943,
    "jbpf_n": 1202,
    "std_mean": 10.829313058949577,
    "std_std": 2.3640588850399853,
    "std_min": 2.763018065887354,
    "std_max": 19.710669077757686,
    "std_n": 1198,
    "correlation": 0.40722213204613794,
    "mean_diff_pct": 0.004277377481052099
  },
  "BSR (bytes)": {
    "jbpf_mean": 25216.144568355405,
    "jbpf_std": 22885.079996364067,
    "jbpf_min": 15605.25352112676,
    "jbpf_max": 430758.63636363635,
    "jbpf_n": 1202,
    "std_mean": 25785.168614357262,
    "std_std": 31984.821105959785,
    "std_min": 0.0,
    "std_max": 700000.0,
    "std_n": 1198,
    "correlation": 0.058520689026146565,
    "mean_diff_pct": 2.2067881521822716
  },
  "TA (ns)": {
    "jbpf_mean": 518.8648425011609,
    "jbpf_std": 25.977247228541085,
    "jbpf_min": 0.0,
    "jbpf_max": 525.0153718171297,
    "jbpf_n": 1203,
    "std_mean": 519.8401859855163,
    "std_std": 0.10254319269944921,
    "std_min": 519.2450771573931,
    "std_max": 520.5326374380093,
    "std_n": 1199,
    "correlation": 0.0177605944074552,
    "mean_diff_pct": 0.18762371795215993
  },
  "RI": {
    "jbpf_mean": 1.0,
    "jbpf_std": 0.0,
    "jbpf_min": 1.0,
    "jbpf_max": 1.0,
    "jbpf_n": 1203,
    "std_mean": 1.0,
    "std_std": 0.0,
    "std_min": 1.0,
    "std_max": 1.0,
    "std_n": 1199,
    "correlation": NaN,
    "mean_diff_pct": 0.0
  }
}