{
  "SINR/SNR (dB)": {
    "jbpf_mean": 17.3676841796716,
    "jbpf_std": 0.3815324688274302,
    "jbpf_min": 15.990147783251231,
    "jbpf_max": 18.72992700729927,
    "jbpf_n": 1206,
    "std_mean": 17.736361132286948,
    "std_std": 0.3243554141993383,
    "std_min": 16.59796142578125,
    "std_max": 19.155479431152344,
    "std_n": 1202,
    "correlation": 0.39369813955598115,
    "mean_diff_pct": 2.0786504619835253
  },
  "CQI": {
    "jbpf_mean": 15.0,
    "jbpf_std": 0.0,
    "jbpf_min": 15.0,
    "jbpf_max": 15.0,
    "jbpf_n": 1207,
    "std_mean": 15.0,
    "std_std": 0.0,
    "std_min": 15.0,
    "std_max": 15.0,
    "std_n": 1203,
    "correlation": NaN,
    "mean_diff_pct": 0.0
  },
  "DL MCS": {
    "jbpf_mean": 24.920765372622192,
    "jbpf_std": 0.3142706332819399,
    "jbpf_min": 22.724,
    "jbpf_max": 25.547134935304992,
    "jbpf_n": 1209,
    "std_mean": 24.941029900332225,
    "std_std": 0.2685217359805534,
    "std_min": 23.0,
    "std_max": 25.0,
    "std_n": 1204,
    "correlation": 0.45128846248843024,
    "mean_diff_pct": 0.08124976310526427
  },
  "UL MCS": {
    "jbpf_mean": 19.302499634231577,
    "jbpf_std": 0.5590853677216614,
    "jbpf_min": 15.950738916256158,
    "jbpf_max": 20.902313624678662,
    "jbpf_n": 1209,
    "std_mean": 19.276578073089702,
    "std_std": 0.5565224111127113,
    "std_min": 17.0,
    "std_max": 21.0,
    "std_n": 1204,
    "correlation": 0.37412118228361096,
    "mean_diff_pct": 0.13447179807323462
  },
  "DL Mbps": {
    "jbpf_mean": 5.002071097372489,
    "jbpf_std": 0.07496444009670288,
    "jbpf_min": 4.3,
    "jbpf_max": 5.71,
    "jbpf_n": 1294,
    "std_mean": 9.024683196290571,
    "std_std": 0.7304041315862173,
    "std_min": 8.201744000000001,
    "std_max": 11.063472,
    "std_n": 1294,
    "correlation": -0.004618283320628316,
    "mean_diff_pct": 44.57344386971393
  },
  "UL Mbps": {
    "jbpf_mean": 9.998501577287067,
    "jbpf_std": 0.0036779885856027665,
    "jbpf_min": 9.97,
    "jbpf_max": 10.0,
    "jbpf_n": 1268,
    "std_mean": 17.106358731861196,
    "std_std": 0.9278734643190384,
    "std_min": 15.75368,
    "std_max": 18.54172,
    "std_n": 1268,
    "correlation": -0.015137411598625904,
    "mean_diff_pct": 41.55096514686959
  },
  "UL BLER %": {
    "jbpf_mean": 10.81704374770439,
    "jbpf_std": 2.9531425880628506,
    "jbpf_min": 0.0,
    "jbpf_max": 20.734908136482943,
    "jbpf_n": 1206,
    "std_mean": 10.816713589297542,
    "std_std": 2.370401530110436,
    "std_min": 2.763018065887354,
    "std_max": 19.710669077757686,
    "std_n": 1202,
    "correlation": 0.4102433077955313,
    "mean_diff_pct": 0.003052298686868622
  },
  "BSR (bytes)": {
    "jbpf_mean": 25213.084282079435,
    "jbpf_std": 22847.388717280555,
    "jbpf_min": 15605.25352112676,
    "jbpf_max": 430758.63636363635,
    "jbpf_n": 1206,
    "std_mean": 25753.18302828619,
    "std_std": 31936.682494510704,
    "std_min": 0.0,
    "std_max": 700000.0,
    "std_n": 1202,
    "correlation": 0.05855896968893086,
    "mean_diff_pct": 2.097211616962191
  },
  "TA (ns)": {
    "jbpf_mean": 518.8663884893934,
    "jbpf_std": 25.934235951022792,
    "jbpf_min": 0.0,
    "jbpf_max": 525.0153718171297,
    "jbpf_n": 1207,
    "std_mean": 519.8401205394681,
    "std_std": 0.10238530038607535,
    "std_min": 519.2450771573931,
    "std_max": 520.5326374380093,
    "std_n": 1203,
    "correlation": 0.01776980157460331,
    "mean_diff_pct": 0.18731375505687425
  },
  "RI": {
    "jbpf_mean": 1.0,
    "jbpf_std": 0.0,
    "jbpf_min": 1.0,
    "jbpf_max": 1.0,
    "jbpf_n": 1207,
    "std_mean": 1.0,
    "std_std": 0.0,
    "std_min": 1.0,
    "std_max": 1.0,
    "std_n": 1203,
    "correlation": NaN,
    "mean_diff_pct": 0.0
  }
}